{"enemystokill":[{"x":1.0,"y":1.0}],"maincharinitialpos":{"x":0.14086008071899414,"y":0.0,"z":0.5589447021484375},"bounds":[15,9],"obstacles":[3,5,1,4,4,1,7,5,0,6,2,0,2,1,0,0,3,1,12,3,0,4,8,0,14,3,0,7,2,0,8,2,0,4,3,0,9,3,0,12,6,0,3,3,1,5,2,0,2,0,0],"items":[0.49091720581054688,8.44141674041748,0.0,13.465392112731934,8.158909797668457,1.0],"npcs":[13.119999885559082,7.1800003051757813,0.0,13.119999885559082,6.1999998092651367,0.0,13.5,6.9000000953674316,0.0,1.380000114440918,5.4200000762939453,1.0,7.0199999809265137,0.27999997138977051,0.0,5.8499999046325684,6.9600000381469727,0.0,11.0,2.9900000095367432,0.0,12.639999389648438,7.4300003051757813,0.0,9.9499998092651367,7.5999999046325684,0.0,11.498863220214844,0.76971054077148438,2.0,13.5,7.5999999046325684,0.0,9.7961969375610352,6.1142978668212891,2.0,6.8499999046325684,1.3900001049041748,0.0,7.5799999237060547,7.3228778839111328,0.0,13.149999618530273,2.9900000095367432,0.0,7.0999999046325684,3.809999942779541,0.0]}