{"enemystokill":[{"x":2.0,"y":5.0}],"maincharinitialpos":{"x":1.369999885559082,"y":0.0,"z":1.0},"bounds":[23,9],"obstacles":[21,3,1,17,2,0,17,1,0,6,3,1,0,3,1,17,4,0,11,5,0,10,2,0,4,2,1,3,2,1,14,3,0,2,3,1,10,6,0,17,0,0,11,2,0,19,6,1,6,7,1,12,2,0,8,3,0,20,3,1,13,3,0,17,6,0,17,3,0,6,8,1,16,0,0,7,3,1,9,2,0,17,5,0,17,7,0,1,4,1,6,4,1,5,3,1],"items":[9.3199996948242188,5.5299997329711914,1.0,20.540000915527344,1.2599999904632568,1.0,9.0799999237060547,6.179999828338623,0.0,14.564144134521484,6.6499347686767578,2.0],"npcs":[21.170000076293945,1.6500000953674316,0.0,1.1407146453857422,7.4589314460754395,2.0,19.270000457763672,4.559999942779541,0.0,14.420000076293945,7.2200002670288086,0.0,10.100000381469727,3.5699999332427979,0.0,1.9099998474121094,6.4499998092651367,2.0,7.190000057220459,5.5299997329711914,2.0,2.6700000762939453,7.4589314460754395,2.0,5.2600002288818359,5.6100001335144043,0.0,21.329999923706055,6.4800000190734863,0.0,19.270000457763672,1.6500000953674316,0.0,16.130001068115234,4.559999942779541,0.0,14.909999847412109,4.559999942779541,0.0,14.170000076293945,2.059999942779541,0.0,12.050000190734863,6.5900001525878906,0.0,9.9600000381469727,1.0099999904632568,0.0,2.6700000762939453,5.25,2.0]}