{"enemystokill":[{"x":1.0,"y":1.0}],"maincharinitialpos":{"x":9.0699996948242188,"y":0.0,"z":3.0299999713897705},"bounds":[15,10],"obstacles":[9,7,0,3,5,1,4,4,1,8,5,0,12,3,1,14,3,1,1,7,0,12,0,0,7,6,0,6,0,0,14,8,0,10,6,0,2,7,0,6,1,0,0,4,1,13,8,0,10,9,0,5,1,0,13,3,1,9,0,0,9,5,0,4,9,0,14,9,0,4,3,0,7,7,0,7,9,0,9,9,0,3,4,1,11,4,1,12,9,0,5,3,0,2,0,0,8,9,0,11,9,0],"items":[0.440000057220459,9.3500003814697266,1.0,14.389999389648438,2.1400001049041748,1.0,9.1450004577636719,6.25600004196167,0.0,5.7899999618530273,0.84000015258789063,0.0,13.465392112731934,8.9700002670288086,1.0],"npcs":[8.8954105377197266,3.9108788967132568,0.0,9.7254104614257813,2.4508788585662842,0.0,13.649601936340332,3.7908787727355957,3.0,0.79541015625,6.1008787155151367,2.0,8.04541015625,7.0708789825439453,2.0,0.13541030883789063,2.2908790111541748,2.0,1.4200000762939453,1.5099999904632568,1.0,8.04541015625,6.18087911605835,2.0,2.4654102325439453,2.15087890625,2.0,8.2154102325439453,7.470879077911377,3.0,0.45541048049926758,1.0408787727355957,0.0,5.9654102325439453,5.2208786010742188,2.0,1.9554104804992676,6.1008787155151367,2.0,12.875410079956055,5.6208791732788086,2.0,7.2154102325439453,2.4508788585662842,0.0,11.365409851074219,7.2308788299560547,2.0,1.4054107666015625,1.8308789730072021,3.0,0.45541048049926758,1.8108789920806885,0.0,13.649601936340332,1.1610245704650879,3.0,4.175410270690918,7.0708789825439453,2.0,1.3754105567932129,6.020878791809082,3.0,10.755411148071289,4.6108789443969727,0.0,2.9754104614257813,1.8108789920806885,0.0,1.5154104232788086,2.5408787727355957,0.0,3.2754104137420654,1.0408787727355957,0.0,3.9654104709625244,7.470879077911377,3.0]}